{"cameraMode":{"drawMode":0,"name":"Shaded","section":"Shading Mode"},"sceneLighting":true,"audioPlay":false,"sceneViewState":{"m_AlwaysRefresh":false,"showFog":true,"showSkybox":true,"showFlares":true,"showImageEffects":true,"showParticleSystems":true,"showVisualEffectGraphs":true,"m_FxEnabled":true},"in2DMode":false,"pivot":{"x":469.4166259765625,"y":215.98883056640626,"z":56.224308013916019},"rotation":{"x":0.005685156211256981,"y":-0.04288901388645172,"z":-0.00024431126075796783,"w":-0.9990654587745667},"size":1.4011112451553345,"orthographic":false}