{"cameraMode":{"drawMode":0,"name":"Shaded","section":"Shading Mode"},"sceneLighting":false,"audioPlay":false,"sceneViewState":{"m_AlwaysRefresh":false,"showFog":true,"showSkybox":true,"showFlares":true,"showImageEffects":true,"showParticleSystems":true,"showVisualEffectGraphs":true,"m_FxEnabled":true},"in2DMode":false,"pivot":{"x":-0.22405748069286347,"y":-0.03574495390057564,"z":0.03307933732867241},"rotation":{"x":-0.026117458939552308,"y":0.9504569172859192,"z":-0.08319592475891113,"w":-0.29839062690734866},"size":205.22604370117188,"orthographic":false}