{"cameraMode":{"drawMode":0,"name":"Shaded","section":"Shading Mode"},"sceneLighting":true,"audioPlay":false,"sceneViewState":{"m_AlwaysRefresh":false,"showFog":true,"showSkybox":true,"showFlares":true,"showImageEffects":true,"showParticleSystems":true,"showVisualEffectGraphs":true,"m_FxEnabled":true},"in2DMode":false,"pivot":{"x":238.46279907226563,"y":0.8346616625785828,"z":145.55873107910157},"rotation":{"x":-0.02710259146988392,"y":0.3386182188987732,"z":-0.00975815299898386,"w":-0.9404829740524292},"size":1.5081590414047242,"orthographic":false}