{"cameraMode":{"drawMode":0,"name":"Shaded","section":"Shading Mode"},"sceneLighting":true,"audioPlay":false,"sceneViewState":{"m_AlwaysRefresh":false,"showFog":true,"showSkybox":true,"showFlares":true,"showImageEffects":true,"showParticleSystems":true,"showVisualEffectGraphs":true,"m_FxEnabled":true},"in2DMode":false,"pivot":{"x":-151.56712341308595,"y":297.43963623046877,"z":-381.104736328125},"rotation":{"x":0.17785857617855073,"y":0.0014716292498633266,"z":-0.0002660962054505944,"w":0.9840555191040039},"size":325.7458190917969,"orthographic":false}