{"cameraMode":{"drawMode":0,"name":"Shaded","section":"Shading Mode"},"sceneLighting":true,"audioPlay":false,"sceneViewState":{"m_AlwaysRefresh":false,"showFog":true,"showSkybox":true,"showFlares":true,"showImageEffects":true,"showParticleSystems":true,"showVisualEffectGraphs":true,"m_FxEnabled":true},"in2DMode":false,"pivot":{"x":71.04988098144531,"y":3.4828808307647707,"z":74.84800720214844},"rotation":{"x":0.18151290714740754,"y":-0.25913000106811526,"z":0.04965030029416084,"w":0.9473333954811096},"size":4.150365352630615,"orthographic":false}