{"cameraMode":{"drawMode":0,"name":"Shaded","section":"Shading Mode"},"sceneLighting":true,"audioPlay":false,"sceneViewState":{"m_AlwaysRefresh":false,"showFog":true,"showSkybox":true,"showFlares":true,"showImageEffects":true,"showParticleSystems":true,"showVisualEffectGraphs":true,"m_FxEnabled":true},"in2DMode":false,"pivot":{"x":-420.47222900390627,"y":1689.9835205078125,"z":1799.0601806640625},"rotation":{"x":0.00033308862475678325,"y":0.9077548384666443,"z":-0.41950392723083498,"w":0.0007232427014969289},"size":1.6233340501785279,"orthographic":false}