{"cameraMode":{"drawMode":0,"name":"Shaded","section":"Shading Mode"},"sceneLighting":true,"audioPlay":false,"sceneViewState":{"m_AlwaysRefresh":false,"showFog":true,"showSkybox":true,"showFlares":true,"showImageEffects":true,"showParticleSystems":true,"showVisualEffectGraphs":true,"m_FxEnabled":true},"in2DMode":false,"pivot":{"x":-3.0299999713897707,"y":10.000004768371582,"z":6.349999904632568},"rotation":{"x":-0.07612758874893189,"y":0.8219630122184753,"z":-0.11315935105085373,"w":-0.5529716610908508},"size":1.9584444761276246,"orthographic":false}