{"cameraMode":{"drawMode":0,"name":"Shaded","section":"Shading Mode"},"sceneLighting":true,"audioPlay":false,"sceneViewState":{"m_AlwaysRefresh":false,"showFog":true,"showSkybox":true,"showFlares":true,"showImageEffects":true,"showParticleSystems":true,"showVisualEffectGraphs":true,"m_FxEnabled":true},"in2DMode":false,"pivot":{"x":-10.511231422424317,"y":0.7271662950515747,"z":3.7661173343658449},"rotation":{"x":0.19317756593227387,"y":0.4130537807941437,"z":-0.09011639654636383,"w":0.8854160308837891},"size":0.4937957227230072,"orthographic":false}