{"cameraMode":{"drawMode":0,"name":"Shaded","section":"Shading Mode"},"sceneLighting":true,"audioPlay":false,"sceneViewState":{"m_AlwaysRefresh":false,"showFog":true,"showSkybox":true,"showFlares":true,"showImageEffects":true,"showParticleSystems":true,"showVisualEffectGraphs":true,"m_FxEnabled":true},"in2DMode":false,"pivot":{"x":-248.25039672851563,"y":10.403557777404786,"z":7.158762454986572},"rotation":{"x":-0.005252609495073557,"y":0.9935752153396606,"z":-0.10050246119499207,"w":-0.05191018804907799},"size":0.3855762779712677,"orthographic":false}