{"cameraMode":{"drawMode":0,"name":"Shaded","section":"Shading Mode"},"sceneLighting":true,"audioPlay":false,"sceneViewState":{"m_AlwaysRefresh":false,"showFog":true,"showSkybox":true,"showFlares":true,"showImageEffects":true,"showParticleSystems":true,"showVisualEffectGraphs":true,"m_FxEnabled":true},"in2DMode":false,"pivot":{"x":465.3301696777344,"y":193.863525390625,"z":53.93357467651367},"rotation":{"x":0.0026902942918241026,"y":0.011096934787929058,"z":0.000030632330890512094,"w":-0.9999368190765381},"size":1138.7415771484375,"orthographic":false}