{"cameraMode":{"drawMode":0,"name":"Shaded","section":"Shading Mode"},"sceneLighting":true,"audioPlay":false,"sceneViewState":{"m_AlwaysRefresh":false,"showFog":true,"showSkybox":true,"showFlares":true,"showImageEffects":true,"showParticleSystems":true,"showVisualEffectGraphs":true,"m_FxEnabled":true},"in2DMode":false,"pivot":{"x":52.740684509277347,"y":24.120285034179689,"z":-78.77254486083985},"rotation":{"x":0.030408361926674844,"y":-0.9653594493865967,"z":0.2233845740556717,"w":0.1314120888710022},"size":790.3482055664063,"orthographic":false}